SampleID,qPCR16S
1015A,53793846.01
1015D,3877.486655
1015G,5280993.704
1015H,733244.6306
1016A,5752710.005
1042A,1439097286
1042AA,64922014.53
1042B,155711609
1042BB,9159433.458
1042C,275287921.1
1042D,168770943.5
1042E,200388359.9
1042F,114788082.3
1042G,88949948.59
1042H,174282773.3
1042HH,29836365.99
1042I,401409209.3
1042II,79623358.18
1042J,184612203.9
1042JJ,1558674.228
1042K,110715256.6
1042KK,37512148.09
1042L,45116965.95
1042M,43236722.69
1042N,74180317.64
1042O,490891562.7
1042P,150223745.5
1042Q,302107828.7
1042R,57639060.11
1042S,116283613
1042T,101793823
1042U,10326.71135
1042V,17455651.91
1042W,61618494.46
1042X,151200324.4
1042Y,298944044.4
1042Z,74139448.43
1044A,394722150.3
1044B,20950854.01
1044C,87588851.91
1044D,23289345.98
1044E,93660253.37
1044F,52671688.6
1044G,50793995.67
1044H,74659901.17
1044I,54922044.66
1044J,58067274.07
1044K,31657399.15
1044L,32540465.17
1044M,97584565.66
1044N,285944601.6
1044O,254984837
1044P,28989296.22
1044Q,282748173.9
1044R,360017172.9
1044S,9469558.359
1045F,18902361.64
1045G,2303812.458
1045H,5104238.43
1045I,12121103.22
1045J,476429.1525
1045L,28859862.41
1045M,28133484.31
1045N,12620604.09
1045O,14817886.73
1045P,10174346.67
1083A,323985827.9
1083B,67716749.57
1092L,189563889.3
1092O,72232424.24
1092P,1780851590
1105A,445846675.9
1105B,295878914.3
1105C,52444082.28
1105D,252076854
1105E,43876123.12
1105F,94917986.45
1105G,205646651.4
1105H,55642459.4
1105I,181908259.8
1105J,111689181.7
1105K,105730213.3
1105L,256372514.1
1105M,486764333.3
1105N,77694160.83
1105O,198432748.7
1105P,178371509.8
1105Q,177935727.9
1105R,189109682.3
1105S,83399656.47
1105T,233867265.5
1105U,156845513
1107R,84921981.86
1107T,119489185.8
1133D,94262735.79
1133E,25893682.73
1143BB,16774229.73
1143CC,22142630.41
1143D,28480802.28
1143DD,58185501.15
1143E,1506878.003
1143EE,23887193.01
1143J,19862444.09
1143K,2981222.18
1143M,64839.46166
1143N,2304926.535
1143O,2328832.724
1143Q,928019.6594
1143T,8204191.803
1143V,3015655.882
1143W,2208105.415
1143X,6060245.541
1143Y,21533666.67
1155A,2982077.041
1155B,7133214.841
1157DD,5.639448573
1157E,2600127.024
1157F,41885.36508
1157K,49.9581754
1157L,4251.181082
1157M,4583.830246
1157S,46.30953409
1157T,43.74585515
1157U,56861.02359
1157V,1484.668799
1157W,206887.6102
1157X,24006.30407
1157Y,321.0781097
1157Z,189.6339973
1158A,448282647.3
1158B,666698202.9
1158C,961623070.2
1158D,58587442.75
1158E,104070830.3
1158F,63102730.32
1158G,85029313.87
1158H,39210747.28
1158I,7836915.556
1158J,1531043.664
1158K,435792.5548
1158L,113086.8634
1158M,196574.5401
1158N,156398.963
1158R,5525023.459
1158S,16466435.23
1158T,5511463.585
1158U,1697923.944
1158V,23813833.82
1160Q,29823081.35
1160R,27444069.33
1160S,22474867.7
1160T,25170593.72
1160U,21503732.75
1160V,24661885.52
1163E,8159236.991
1163G,1969155.077
1163H,3686853.333
1163I,2191550.357
1163J,27555424.76
1163L,14580292.2
1163M,16047169.79
1163N,7144441.706
1163O,7679910.168
1163R,18058271.36
1163S,54259885.5
1163T,47105458.97
1163U,308052442.3
1167A,125871.5201
1167AA,262568758
1167C,21534.5811
1167D,39527.55876
1167DD,162451.9723
1167EE,437437.2454
1167F,11525.12418
1167FF,786.6450291
1167G,222162.9145
1167GG,66015222.44
1167I,2261.013983
1167MM,3737.56735
1167PP,2456379.514
1167RR,53450956.79
1167SS,14909282.23
1167TT,42948603.08
1167UU,26623.97473
1167VV,67017.16627
1167W,19590334.38
1167WW,0
1170D,22904817.03
1170E,10899885.67
1170F,19483.43313
1170H,0
1170I,2375828.393
1170J,949.4268629
1170K,26403.78367
1170L,1837318.492
1170M,229416.2441
1170O,0
1170P,19624405.59
1170Q,143453810.1
1170S,56704182.19
1170T,848655400
1171BB,47948338.73
1171CC,1892167.869
1171DD,120088161.5
1171E,465180.2163
1171EE,53113140.55
1171F,184698.0799
1171J,9155990.304
1171K,3233901.093
1171L,684523.6448
1171M,92935277.53
1171P,38978.98498
1171Q,14439878.07
1171R,67626811.35
1171S,1548349.57
1171T,65236275.68
1171V,28906974.84
1173C,37499519.76
1173F,1437066.964
1173G,13116534.54
1173K,11447620.9
1173N,28021598.35
1173P,74770687.37
1173Q,4724700.195
1173R,121020431.4
1173S,211530548.5
1174D,11203473.66
1174E,32057555.1
1174G,89673021.33
1174I,10125509.91
1174J,9927942.16
1174K,11617988.96
1174M,3131330.91
1176A,115295318.7
1176B,29118336.77
1176C,4828686.995
1176D,6053842.8
1176E,3731252.708
1176F,4001490.871
1176G,17700025.37
1176H,269477.9717
1176I,1414178.517
1176J,0
1176K,7332477.621
1176L,14888162.31
1176M,13333477.47
1176N,11466441.01
1176O,58174998.48
1176P,27401091.58
1176Q,101637632.4
1176R,51705877.29
1176S,26500425.19
1176T,19188088
1176U,3033080.465
1176V,10075793.18
1176W,29796366.34
1176X,15248214.95
1176Y,32629.24878
1176Z,47493961.9
1179A,67798836.78
1179B,27409935.14
1179C,44921285.71
1179D,2292823.033
1179E,2234154.547
1179F,2690192.396
1179G,1575718.069
1179H,408475.1252
1179I,27616926.68
1179J,168343.4625
1179K,43572.9993
1179L,19748911.8
1179M,27829152.85
1179N,8534178.881
1179O,80169744.73
1179P,14118736.76
1179Q,13789226.09
1179R,28726988.99
1179S,19519479.21
1179T,8922251.816
1179U,20094142.56
1179V,8754900.602
1179W,205101775.8
1179X,44792015.59
1179Y,36726985.15
1186A,278478264.2
1186B,14716011.97
1186C,7472246.343
1186D,36080.6461
1186E,46060.4081
1186G,13914901.18
1186H,7989602.564
1186I,927148.6742
1186K,1467839.012
1186M,3325025.436
1186N,1062147.513
1186P,1533419.987
1186R,32279036.43
1186S,42482790.06
1186U,125042971.3
1186V,96927209.44
1189A,2763606.379
1189B,81038636.36
1189C,31935019.65
1189D,29997464.71
1189E,35366324.02
1191A,33259466.14
1191D,74736238.74
1191E,39739541.23
1191F,14721448.07
1191G,11068143.97
1191Q,360674.4865
1191R,26443306.12
1191T,28275859.58
1191U,106097627.5
1191V,12161292.69
1191W,471373449.3
1191X,26165891.7
1191Y,61642.50579
1191Z,4536097926
1192A,190631968.8
1192B,42633419.72
1192C,3001705.249
1192D,57813198.53
1192E,59352954.62
1192F,18191721.78
1192G,69175437.52
1192H,2516011.991
1192K,16680340.67
1192L,138689846
1192M,104589341.8
1192N,60405550.84
1192O,471179333.3
1192P,193797497.2
1192Q,47418399.24
1192S,62886671.26
1192T,1272320173
1193A,28249538.08
1193B,20347151.86
1193C,16379875.49
1193D,5344148.062
1193E,3292963.76
1193F,11180446.44
1193G,39663245.31
1193H,7426901.208
1193J,2948696.496
1193K,1907672.295
1193M,6414460.966
1193N,47308897.27
1195C,27194572.37
1195D,48447074.43
1195DD,14963274.45
1195E,108083476.7
1195EE,13274314.13
1195F,3072392.822
1195FF,21208109.03
1195GG,4549.339667
1195R,138483400
1195S,41250524.59
1195T,13661117.21
1195W,154969446.6
1195X,1830001.629
1195Y,3170096.147
1196A,107410121.6
1196B,27155884.42
1196C,21268632.26
1196R,21047622.22
1197B,81717728.18
1197C,65775206.03
1197J,28202546.67
1200A,4195755.208
1200B,11207955.43
1201A,34658956.88
1201B,10035569.22
1201C,49231633.33
1202A,6000415.893
1202P,40237307.14
1202Q,51978086.25
1202S,223295390.8
1202U,115935765.4
1202V,305856807.7
1203A,103206282.5
1203B,76820193.76
1203C,182746035.4
1203D,156186228.4
1203E,11415992.92
1203F,399953.8323
1203G,37254232.14
1203H,18871082.15
1203I,126.8543359
1203J,20711432.88
1203K,14747669.76
1203L,71276650
1203M,11837043.8
1203N,106942525.3
1203O,25932445.2
1203P,13.46322404
1203Q,5461647.616
1203R,894.2025793
1203S,4876267.921
1203T,18793.13829
1203V,4824.766988
1203W,0
1203X,13035.18055
1203Y,696.5178737
1207A,45765496.93
1207AA,119807405.2
1207B,5180201.071
1207BB,31855148.89
1207C,83816050.87
1207CC,82524075.24
1207D,77250334.62
1207E,194436616.4
1207F,140027553.2
1207G,2366498.986
1207H,16514607.82
1207J,108125302.6
1207L,28269089.91
1207M,35423561.7
1207N,4197535.93
1207P,102999153.7
1207Q,231031.2668
1207R,336523.3135
1207S,4131.64664
1207V,58022.72184
1207W,415564.322
1207X,50668943.03
1207Y,3079938.202
1207Z,39156091.31
1208D,73249644.98
1209G,9253735.832
1209H,261861056
1209J,16826512.87
1209K,53654177.64
1210BB,205654131.2
1210CC,236933529.4
1210DD,21538015.93
1210EE,278.0780395
1210GG,551960.0827
1210HH,5951225
1210II,447345354.3
1210K,66705244.34
1210N,386.0347918
1210O,8.171857441
1210P,14960634
1210Q,14130079.8
1210W,18771026.21
1210X,5719335.505
1210Y,4368996.158
1220E,7511481.308
1220H,2259204.63
1221A,12658443.47
1221H,1623012.174
1221I,19285754.39
1221Q,38687118.97
1221T,93916450.7
1221U,167857739.8
1221V,7705073.424
1222A,58500844.2
1222B,9610864.276
1222C,17667332.76
1222D,36461217.49
1230B,77229242.55
1230C,73001774.65
1230D,53376628.42
1230E,27641691.77
1230F,80157595.96
1230G,33266872.17
1230H,24457959.48
1230I,24715469.47
1230J,1050657.83
1230K,1861643.059
1230L,1295947.642
1230M,1283761.149
1230N,14683231.62
1230O,85652793.5
1230P,2270694.708
1230Q,7117671.569
1230R,1215849.973
1230S,434057.2724
1230U,919530.7781
1230V,1399145.718
1230W,249593980.1
1230X,55234238.37
1230Y,3553465.036
1233AA,31211392.33
1233BB,77338.58036
1233CC,224599.298
1233DD,499499.6957
1233E,231685.7687
1233EE,3599553.47
1233FF,1296720.502
1233K,12866383.06
1233L,7830416.505
1233M,1843830.131
1233W,320329.5188
1233Y,406136.3019
1233Z,5124332.317
1234B,52110380.18
1234C,61140.5897
1234D,503706.8612
1234E,5656284.769
1234F,10819713.15
1234G,19388364.26
1234H,9436570.469
1234I,537035.8899
1234J,50159.61204
1234K,4061311.632
1234L,4342505.026
1234M,531943.19
1234N,11693.82236
1244B,4448113.454
1244C,1063552.9
1244D,39309779.95
1244E,28291445.1
1244F,71044963.61
1244G,40936342.29
1244H,4246304.189
1244I,7561567.568
1244J,3665541.274
1244K,2586397.294
1244L,199694.6786
1244M,1372786.98
1244N,6900738.907
1244O,16763201.68
1244P,10913528.46
1245G,697085.5375
1245J,23209987.47
1245K,40679436.39
1245L,12285497.38
1245M,33443375
1245N,1879910.477
1245O,31673367.41
1245P,13502743.35
1246A,66298480.46
1246C,8086627.338
1246D,19620574.96
1246E,3904994.949
1246F,2297713.8
1246G,202050.9855
1246H,19918274.81
1246I,10655088.05
1246J,83070626.98
1246K,185574302.4
1246L,542370514.3
1246M,65740864.35
1247A,68549465.26
1247AA,55006187.44
1247B,174355981.7
1247BB,272170.0383
1247C,56643662.05
1247CC,6002996.003
1247D,6087.752505
1247DD,42560172.22
1247H,12840905.72
1247J,9870764.368
1247K,2134449.507
1247L,8493052.482
1247M,953530.0975
1247N,5940281.436
1247O,142279.118
1247P,5022.812863
1247S,61053.48821
1247T,7658581.101
1247U,11507867.82
1247Z,14055471.04
1249A,720690080.2
1249B,6004.957259
1249F,40623.87163
1249G,365107.2459
1249H,22221800.41
1249L,507609.4022
1249N,1162936.034
1249O,13246154
1249P,16961536.85
1250B,17435420.71
1250D,580523.7955
1250G,93445456.95
1250H,206250961.4
1250I,13463750.99
1251A,36633734.39
1251B,65593393.3
1251C,18243547.18
1251D,30245796.35
1251E,82325679.63
1251F,66440602.33
1251G,53467647.9
1251H,59616483.25
1251I,40774753.7
1251K,552.0075018
1252A,100945221.4
1252AA,436583989.4
1252AAA,72808871.47
1252B,35528355.66
1252BB,112761610.9
1252BBB,118598775.1
1252C,4604155.705
1252CC,69805198.45
1252CCC,73636996.42
1252D,1565022.838
1252DD,37957948.05
1252E,46116713.14
1252EE,98952960.13
1252F,22490124.79
1252FF,17608691.88
1252G,777219.9074
1252GG,23592040.27
1252H,16872685.35
1252HH,2966622.816
1252I,181349.4063
1252II,20235143.5
1252JJ,78175295.1
1252K,38368962.47
1252KK,18779741.47
1252L,27938703.07
1252LL,12918795.76
1252M,6998915.668
1252MM,33831530.17
1252N,148289.7185
1252NN,35052347.09
1252O,1403206.781
1252OO,29561715.51
1252P,33901460.24
1252PP,5727978.804
1252Q,45003515.82
1252QQ,1252244.17
1252RR,4394774.718
1252T,119534108.9
1252TT,26117092.85
1252U,22873954.26
1252UU,56450135.8
1252V,35581273.36
1252VV,150157681.4
1252W,32005415.04
1252WW,80184800
1252X,68139744.44
1252XX,19631953.82
1252Y,148874037
1252YY,71054909.85
1252Z,39140886.48
1252ZZ,39844453.3
1254A,179979710.4
1256C,2805219.423
1256D,211486.9123
1261A,25700892.08
1261B,37277517.47
1261C,163029808.9
1261D,3376897.569
1261E,7367473.946
1261F,69021631.13
1261G,2292.99217
1261L,4523.149081
1261M,628389.3229
1261N,1094513.523
1261O,1276150.034
1261P,97239.60704
1261Q,19878.38552
1261R,19105.96969
1261S,131452.9501
1261U,2310001.015
1261V,4089190.096
1261W,17474643.94
1261X,138447861.2
1261Y,1023621.176
1262E,12478556.96
1262I,4423180.36
1262J,14891950.32
1262K,5712903.208
1262L,14280499.68
1262M,167240516.3
1262N,128072145.5
1271A,184001529.3
1271D,28649707.26
1271E,24935.61726
1271G,9526233.56
1271H,13694884.18
1271I,9499574.882
1271J,3730412.556
1271K,4520722.095
1271M,181349.942
1271O,50751026.25
1271P,26832035.33
1271Q,64933604.65
1271R,101522571.4
1271S,147080233.6
1271T,57650286.61
1273D,194606861.3
1273F,257228300
1273G,74051615.82
1276A,9678696.937
1276C,57975014.49
1276D,28459558.87
1276F,390209369.2
1276G,447050473.5
1276H,587928724.8
1276I,507361466
1277A,62659576.92
1277B,28917257.52
1277C,29498968.99
1277D,9394475.424
1277E,21994827.55
1277F,32558722.11
1277G,69102210.94
1277H,136671552.6
1277I,67285636
1277J,86733121.21
1277K,47336147.32
1277L,76600943.59
1277M,69620839.55
1277O,53542521.39
1277P,136613905.4
1285A,459170111.4
1285B,1544268718
1293A,92565997.77
1293B,183245741.5
1293C,46584713.54
1293D,4987282.585
1293E,32532902.55
1293F,34136623.44
1293G,84962226.58
1293H,31154900.48
1294A,20259338.01
1294B,1358633.166
1294C,11914162.39
1294D,0
1294E,57093170.59
1294F,52865428.97
1294G,375609576.9
1297A,5735.918802
1297B,47447.80556
1297E,11167102.73
1297F,6672206.79
1297G,53437350.53
1297J,62742.40503
1303A,48830960.72
1303B,81004335.31
1303C,306375.1085
1303D,18571030.17
1303E,81035530.7
1303F,70192286.36
1303G,20589042.44
1303H,18780566.27
1303I,58859394.77
1303J,0
1303K,4624241050
1312A,55428478.81
1312B,56125219.09
1312C,64119944.81
1312G,59737081.46
1312H,94919065.4
1312I,139980578.3
1312J,143332923.6
1314A,465253697.8
1314B,121586597.8
1314C,35901893.56
1314D,2662006.88
1314E,6090707.212
1314F,7337871.162
1314G,6185475.359
1314H,6968118.32
1314I,16.74233327
1314J,117.117258
1314K,153072.5997
1314L,909993.5049
1314M,1085051.196
1314N,964410.5373
1314O,29183885.5
1314P,1639442.052
1314Q,311276.6168
1314R,8971.506735
1314S,21816270.53
1316A,316018.0469
1316B,670506.1266
1316C,64446.15687
1316D,355328.6956
1316E,688386.4348
1316F,17235128.72
1320A,51630576.32
1320B,43102650.66
1320C,108320828.4
1320D,22676253.38
1320E,12410977.73
1320F,626143.5736
1320G,273160.5346
1320H,151728.4456
1320M,99870698.08
1320N,40667516.88
1320O,19562446.69
1320P,17760.70752
1320Q,23.57797305
1320R,79333477.48
1320S,3727725.189
1320T,44945426.69
1326A,10252868.29
1326C,19269968.25
1326D,71281.9416
1326E,15223310.3
1326F,6834887.441
1326G,20417617.25
1326H,6822972.365
1326I,2796067.885
1326J,57469.25238
1326K,3460.580899
1326L,695.629688
1326N,2812140.12
1326O,378443.2566
1326P,13161.56508
1331A,152805321.5
1331B,170430078.4
1331C,274966.8614
1331D,12641869.93
1331E,17967428.21
1331F,3269888.799
1331G,4073063.296
1331H,81652787.96
1331I,64916965.01
1331J,239403873.9
1331K,504061037
1331L,300201641.6
1331M,222206296.3
1331N,139149651.7
1331O,455260.9026
1331P,141697737.7
1333A,10689586.58
1334A,292580810.5
1334B,59970284.06
1334C,42112528.99
1334D,15007020.43
1334E,20885485.99
1334F,27544640.41
1334G,14866442.2
1337A,141441296.5
1337B,73745947.68
1337C,33014325.1
1337D,49971373.77
1337E,6526342.217
1337F,68126668.42
1337G,185174211.4
1337H,83925248.76
1337I,23925295.05
1337J,2295.220533
1337K,1239.613383
1337L,515308.7713
1337M,271293.9172
1338A,151527273.6
1338B,15123776.79
1338C,12083065.48
1338D,844649.8312
1338F,16244.92058
1338G,212790.7689
1338I,138351.9166
1338J,217836.0194
1338K,1190909.708
1338L,765036.1163
1338M,854407.7331
1338N,400630.2865
1338O,49041683.73
1338Q,16132392.36
1343A,6525564.68
1343B,88871405.62
1345A,8584913.762
1345B,982.4943258
1345C,561609.3356
1345D,1817844.195
1345E,40236.87752
1345I,122409.0879
1345K,198505026.2
1351D,63564925.31
1351E,146296588
1351F,111989243
1351G,88756327.94
1351H,27632685.81
1351I,2267.387407
1351J,6010955.168
1351K,33.41686213
1351L,1922488.442
1352A,22974373.47
1352B,2606322.321
1352C,17444679.56
1354A,132941304.8
1354G,127982705.8
1354H,44258783.91
1354I,24551609
1354J,29391433.71
1354K,11431158.51
1354L,36074889.57
1354M,20585304.79
1354N,56297779.87
1354O,223591417.9
1354P,47138121.51
1354Q,33517963.2
1354R,7244307.978
1361A,109058315.5
1361B,119032453.3
1361C,1673848.054
1361D,11102619
1361E,39219.53151
1361F,13162168.49
1361G,23565398.01
1361H,5584311.015
1361I,48104.37951
1361J,23134115.1
1361K,4809594.059
1361L,10771285.09
1361M,4563.620709
1361N,17599.96248
1361Q,376.3955638
1361R,6440.904139
1361S,307825.058
1361T,1206.909292
1361U,206550.9436
1361V,4260.903366
1361W,9141381.808
1361X,16220390.31
1361Y,2815166.431
1362A,27064904.87
1362B,133568664.1
1362C,203007844.7
1362D,16528519.53
1362E,15005824.77
1362F,46696074.25
1362G,1135550.762
1362H,50517654.48
1362I,20749246.41
1362J,19460450.73
1362K,441387488.2
1362L,65293632.56
1362M,229739328.7
1362N,133327479.7
1362O,103504215.8
1362P,224891.2839
1362Q,5140.268984
1362R,23024710.17
1362S,766052801.1
1362T,1753624278
1362U,698873235.8
1362V,1265379496
1364A,8939025.021
1364B,177475757.6
1364C,51797040.31
1364E,3271.92195
1364F,12234554.71
1364G,70497385.22
1364H,27401389.3
1364I,46567073.91
1364J,292475527.8
1364K,55469100
1364L,12029295.7
1364M,44458863.18
1364N,22823446.65
1364O,72907512.97
1364P,46864336.34
1364Q,3864735.44
1364R,36653175.85
1364S,23643904
1364T,22293862
1364U,35785406.37
1364V,87813124.8
1364W,57742915.97
1364X,389573827.2
1366A,134000569.6
1366B,119477939.2
1366C,198839533.9
1366D,187069404.2
1366E,90093210.32
1366F,59661809.52
1366G,8596080.06
1366H,128328510.3
1366I,95233669.84
1366J,172172584.8
1366K,44441562.26
1366L,18255679.93
1366M,150522858.2
1366N,65268675.21
1366O,23544687.5
1366P,108392705.1
1366Q,89889678.61
1366R,76447886.28
1366S,212612340.6
1366T,222551075.3
1366V,89647639.81
1366W,24565739.9
1366X,230462163.9
1371A,145719635.6
1371B,43937273.55
1371C,72321133.88
1371D,56664.27353
1371H,94443.62478
1372A,5291955.859
1372B,380090.1927
1372D,363602.0389
1372E,959155.9206
1372I,2356883.333
1372J,1001606.764
1372K,570627.7492
1372L,782466.3748
1372N,65223489.56
1372O,108123785.9
1372P,35664083.62
1372Q,36543451.03
1372R,67786167.4
1372S,445194136.2
1372T,72760174.07
1379F,12153082.99
1379I,6327508.594
1379J,137868.0128
1379K,4823934.63
1379M,255500.7893
1379N,1645364.549
1379O,1420509.547
1381A,83384480.29
1381B,82022934.75
1381C,45048320.21
1381D,29173408.26
1381E,5427070.188
1381F,37759209.61
1381G,136162046.4
1381H,127271091.5
1393A,280983946.7
1393B,254179487.2
1393C,140244659.6
1393D,21308167.96
1393E,151156595.4
1393F,79509950.39
1393G,36651456.79
1393H,6371997.761
1393I,2672008.201
1393J,1397651.627
1393L,1091848.021
1393M,410165.8236
1400A,28956955.26
1400B,80510672.46
1400C,60358282.05
1400D,69419658.23
1400E,281385338.4
1400H,145443238.1
1400I,111957977.7
1400J,89020594.87
1400K,69596506.43
1400M,48757756.58
1400N,24279764.71
1400O,41855357.51
1400P,137041412.3
1400Q,221125523
1400R,282029665.1
1400S,167192784.8
1403A,26869530.17
1403B,20829229.17
1403C,27612135.92
1403D,1673176.898
1403E,112084.7076
1403F,4063121.262
1403G,550702.3737
1403H,21150170.47
1403I,48188869.5
1403J,9019.910592
1403K,6812368.155
1403L,2026860.806
1404A,71564924.35
1404D,28802965.84
1404E,7167321.023
1404F,3876958.144
1406A,42925379.73
1406B,207511.5523
1406C,207778.394
1406D,1315054.287
1406E,222475.8077
1406G,613940.7216
1406H,113445.4287
1406I,376519.0099
1406J,182949.91
1406K,193715.5708
1406L,100467.3585
1406N,13573921.81
1406O,50651712.94
1407E,296591351.1
1407X,12135.87805
1407Y,182379872.8
1414A,33739813.88
1414B,34719354.37
1414C,66546227.6
1414D,53579862.18
1414E,39462861.93
1414F,17001506.11
1414G,6615824.093
1414H,17882056.51
1414I,296948.4805
1414J,224443739.6
1419A,239311751.1
1419B,863586862.3
1421B,128263356.2
1426A,2441152.676
1426B,568777.3142
1426C,974986.1506
1426D,1300952.348
1428A,73805508.47
1428AA,62832293.5
1428B,202925475.5
1428BB,14539061.62
1428C,136409867.4
1428CC,355698394.6
1428D,54963817.59
1428DD,56181214.99
1428E,159481979.1
1428EE,31859343.4
1428F,89831384.3
1428G,63103922.62
1428H,13344238.7
1428I,3912437.685
1428K,54977597.22
1428L,18028000.74
1428M,84828652.74
1428N,7747655.983
1428O,14679250.69
1428P,44532386.55
1428Q,99382045.5
1428R,30495691.02
1428S,59886240.33
1428T,185927094.5
1428U,107043370
1428V,64342384.49
1428W,99755183.41
1428X,60579391.14
1428Y,86244474.75
1428Z,125048982.8
1432A,546012492.3
1432B,78995.80169
1432C,76486431.18
1432D,245156179
1432F,371101683
1432G,209639204.6
1432H,230784703.2
1432I,425017272.5
1432J,328356252.7
1432K,825878296.3
1432L,792457180.3
1432M,393330186.8
1432N,368563563
1432O,421137526
1435B,180395934.4
1435F,152124484.6
1435G,607246375.5
1437AA,620075305.8
1437BB,2720349884
1437X,182359719.3
1437Y,238425387.8
1437Z,1018586567
1438E,296978840.5
1438F,22935857.37
1438G,8353781995
1442A,33232683
1442B,206504980.3
1442C,62824219.21
1442D,368497007.4
1442E,292495893.3
1442F,249264380.1
1442G,172641998.6
1442H,32286918.47
1442I,16499.32671
1442J,25685164.33
1442K,5812772.65
1442L,7640968.79
1442M,43019459.35
1442N,93069085.11
1443A,973785566.5
1443B,800960833
1443C,345393534.2
1443D,185818537.5
1443E,51210115.56
1443G,2712076.404
1443H,29348861.75
1445A,30277254.63
1449G,55730335.35
1460A,285408808.8
1460B,214364015.2
1460C,179358055
1460D,143396882.4
1461A,161647616.3
1461B,160384323.7
1461C,73994346.06
1462A,179945524.8
1468A,11527901.91
1469I,1229656694
1469J,42597170.75
1471K,3058085173
1472H,15463547.62
1472I,40979779.04
1472J,132901718.9
1472K,3470236950
1481A,5.536674703
1481B,52274879.25
1481F,0
1481G,0
1481P,1092706829
1481V,519971420.3
1481W,1268636468
1481Y,943322961
1481Z,86759524.93
1492A,0
1492C,321398142.2
1496A,272494913.2
1496H,315978145.5
1557AA,72262947.67
1557B,39164449.38
1557BB,26864810.91
1557FF,94879661.8
1557GG,1117463456
1557HH,682807837.7
1557S,31576.82869
1579C,37825083.33
1579D,170610.3697
1580A,39979616.58
1580B,27317087.51
1580C,17370012.47
1580D,5609007.118
1580E,195411.1074
1580F,108702.4623
1580H,532061.5188
1580I,296092.55
1580J,632484.4785
1580K,699719.7235
1580L,544369.1265
1580M,777934.085
1606A,112056137.7
1606C,32080452.72
1606D,9445166.667
1606E,9627035.856
1606F,1492969.731
1606G,16305809.57
1609C,3118862259
1630A,12739418.83
1630B,1288195.686
1630C,11019.12456
1630D,2719812.092
1630E,1767165.22
1630F,8371572.373
1630G,20551588.98
1630H,16029678.99
1630I,24917797.58
1630J,24678024.08
1630K,22692206.85
1630L,2.840229086
1630M,9981927.629
1630N,25790580.17
1636B,315055874.1
1636E,879939139.2
1636F,59285123.64
1641B,734416074.6
1641C,2770233955
1653B,66393872.25
1653C,2900727499
1671K,17337415.65
1671L,18581412.05
1671M,133121.4212
1671N,682416.2941
1671O,508058.6015
1671P,12636765.13
1671Q,21612825.81
1671R,98256375.33
1671S,49273.44194
1671T,12273.45508
1704B,2465682721
1718A,4907845.942
1718B,67745711.11
1718C,1088621037
1721A,1548804.772
1721B,50546162.04
1721C,36782360.56
1721E,11350384.81
1721F,26321682.25
1721G,22036487.53
1721H,14049512.15
1721I,15106784.15
1721J,18327870.85
1757B,86432343.12
1757C,23039394.13
1757D,9942635.319
1757E,11585394.39
1757F,445950.2674
1757G,731897.494
1757H,1950482.858
1757I,10929488.56
1757J,19799630.39
1757K,29695758.02
1757L,29198098.77
1757M,7929897.396
1757N,26259122.64
1757O,21011587.64
1757P,64753457.45
1757Q,48432728.53
1757R,19357347.91
1757S,18526951.8
1757T,21419666.67
1757U,7852157.104
1766A,1846392.511
1766B,2455989.159
1766C,750469.5925
1766D,153775.4645
1766F,4798.561012
1766G,1410.476635
1766H,624.338319
1766I,27294.77828
1766J,2207288.098
1766K,121057.4367
1766L,33900.33173
1766M,22256.56213
1766N,39905.73165
1772B,475058.1244
1772D,124707.3871
1772E,131926.6348
1772F,45006.88844
1772G,31364.60741
1772H,23120.33555
1772I,42263.26997
1773B,16913347.25
1773C,47786393.81
1773D,52494933.58
1773E,44744419.79
1773F,13485284.46
1773G,18554772.87
1773H,19720245
1773I,35982961.19
1773J,13043270.32
1773K,26988237.4
1773L,6348191.432
1773M,17047304
1773N,135122460.7
1773O,20222334.87
1773P,79153862.28
1774A,33159761.76
1774B,33738317.85
1795A,33602596.08
1795B,247093160.9
1795C,658891731.7
1795D,5736598864
1795E,8173068800
1799A,65176957.35
1799B,69621534.16
1799C,6074766106
1842A,12092903.94
1842AA,15701648.12
1842B,7143749.763
1842BB,62930283
1842C,12734252.57
1842CC,28795095.62
1842D,10370411.07
1842DD,358034.1831
1842E,8823728.046
1842EE,13952481.33
1842F,13394202.4
1842G,179116.3108
1842GG,66803950.96
1842H,161721.5055
1842HH,41896656.8
1842I,49696.28142
1842II,49790646.53
1842JJ,56838389.94
1842KK,139461742.4
1842LL,43297401.83
1842MM,118417177.4
1842NN,72590093.96
1842O,6324.51757
1842P,63006.35075
1842Q,1054195.965
1842R,26256581.83
1842S,19102433.07
1842T,42522426.85
1842U,76169226.95
1842V,133389053.5
1842W,56004222.94
1842X,122851571.2
1842Y,95964859
1842Z,70877673.76
1912A,48262764.64
1912B,0
1912C,7576.668601
1913A,23986097.85
1921L,7517.553656
1921M,3006.541386
1921N,30951.82571
1921O,32356.86529
1921P,23155.02952
1927A,975751263.3
1930A,1288822.306
1930B,15247661.2
1930C,5679.707905
1930D,231937857.7
1930E,2308832048
1930F,803812398.4
1949A,191302000
1949B,53663732.39
1949C,49236339.23
1949D,91868646.1
1949E,38129604.64
1949H,36049622.93
1949I,35967674.53
1949J,547930136.4
1949K,343480376.7
1949L,246737883.8
1949M,43114397.68
1950A,155964.7625
1950B,1622794.922
1950C,6545069268
1954A,6371761.057
1954B,106307401.8
1954C,974720348.8
1955A,80348660.79
1955B,129052640.8
1955C,97894922.22
1955D,1005320521
1973A,25156596.74
1973B,18959176.75
1973C,198198779.2
1973D,5782938585
1974A,1030965428
1974B,249948999.2
1974C,3262798731
1974D,4663759878
1978A,48295889.52
1979A,752690167
1979B,181296295.9
1979C,572549627.3
1979D,1010779184
1982A,344992056.4
1982B,104013912
1982C,251166951.2
1994A,353269501.4
1994B,391017994.8
1994C,572333257.1
1994D,107519516.7
1994E,372839776.6
1999A,732173393.3
1999B,82395520.7
1999C,784125000
1999D,31197741.77
2026A,201506228.4
2026B,240939799.6
2033A,329881332.1
2040A,224310850.2
2040B,278398453.1
2048A,231831461.7
2052A,192452588
2052B,21481070.49
2052D,55851680.92
2052E,25720969.91
2065A,1520110605
2065B,47672614.96
2065C,87645790.16
2065D,389229344.5
2065E,214368595.4
2065F,927053143.8
2065G,494757565.2
2092A,532928794.7
2093A,184406707.9
2099A,162392.486
2099B,4834.755913
2099C,22979.24609
2099D,1089712.606
2099E,357311.1777
2105A,1287010624
2105B,451679220.7
2105C,231519382.7
2105D,74578784.14
2105E,188881386.1
2105F,52468701.2
2105P,2032460.046
2105Q,66923721
2106A,357849835.1
2106B,92193650.44
2106C,167575238.9
2109A,128143157.3
2109B,732137098.5
2109C,606758576.6
2112A,170711305.9
2112C,5776.245533
2120I,26806765.2
2120J,8370360.447
2120K,21117599.24
2120L,8512997.235
2120M,4353910.04
2122A,324399184.7
2122B,262601839.7
2125A,65406985.64
2130A,1211523720
2130B,1318024795
2130C,556329437.3
2130D,899922793.7
2136A,1650307345
2136B,1366659265
2140A,1951912603
2140B,1034765078
2141A,12612957.1
2141B,2718.898881
2142A,331964577
2142C,532375739.5
2142J,136509800.6
2142K,181588911.4
2142L,161208059.7
2142M,130203800
2144D,31229097.28
2144E,2680937.864
2146A,1329678333
2146B,1017615634
2147F,462.3790571
2147G,182050.2741
2147H,167638.2511
2147I,156171.8148
2147J,290564922.3
2150F,37565815.68
2150G,88681814.81
2150H,32752722.05
2150I,51470752.25
2150J,36035185.69
2156A,2594982925
2156B,1620124000
2157A,356586978.5
2159A,2911702.012
2160A,101987791
2160B,2163060502
2160C,1893654150
2162A,965713.2559
2162B,12913893.09
2162C,64011.53782
2162D,328170.5575
2162E,21434033.03
2162F,20759871.02
2162G,5960427.964
2162H,4870765.971
2162I,10162197.47
2162J,41838190.01
2162K,8452928.704
2162L,4964512.884
2162M,12283920.3
2162N,17866373.43
2162O,22872854.33
2162P,11467861.63
2162Q,25308395.12
2162R,9580747.743
2163A,21763505.95
2163B,6696932.366
2163C,4245439.853
2163D,25947.80626
2163E,16812855.85
2163F,37444843.4
2163G,121211321
2163H,271829338.7
2163I,25946206.26
2163J,6648320.142
2163K,16741039.58
2163L,13167016.03
2163M,41631067.68
2163N,127078361.3
2168A,2323135.464
2168B,838127098.2
2173A,835436481.5
2173B,404514986
2175A,12756195.07
2175B,1522326.501
2175C,49998173.52
2175D,56200117.75
2175E,15207561.98
2175F,23031121.26
2180A,10059928.43
2180B,41783185.86
2180C,428517800.7
2180D,8777139.335
2180E,27777874.9
2180F,306821.5831
2180G,538286.049
2181A,148517581.2
2181B,1472474.969
2181C,2248141.189
2181D,6823774.734
2181E,8183689.669
2181F,1764926.453
2181G,2233867.743
2181H,587417.7303
2181J,373157.3165
2181K,242979.6788
2181L,92320.0289
2181M,8664.988029
2181N,425135.1492
2181O,16520182.68
2181P,74422008.87
2181Q,67803965.69
2182A,307651862.8
2182B,120980989.2
2182C,156821963.9
2182D,668098385.4
2182E,102118601.9
2182F,268773622.2
2182G,258427820
2182H,264699277.6
2182I,312829668.4
2196A,164794.7405
2196B,23819538.61
2196C,20737608.66
2196D,113180750.7
2196E,2525165.086
2196F,25962972.31
2196G,24903813.11
2196H,22936051.72
2196I,137235708.7
2199A,6175601.833
2199B,6916769.692
2199C,453678.6215
2199D,69536.53764
2199E,348492.7394
2199F,772552.9732
2206A,282784573
2206B,23336991.09
2206C,12592222.12
2206D,52533.03402
2206E,19878.05125
653A,89912558.72
653B,27422137.36
653C,7601297.768
653D,6029.073781
653E,7457384.909
653F,3979198.161
653G,3769919.355
653H,486016666.7
668A,367195068.2
668B,63744593.02
668BB,16697779.52
668C,7277528.61
668CC,35446149.37
668D,3653028.184
668DD,29322167.22
668E,678937.5872
668EE,28964428.57
668F,26012159.15
668FF,33504515.41
668G,53302210.46
668GG,26258486.31
668H,33383775.69
668HH,22209420.56
668I,36294549.28
668II,39213785.5
668J,46525221.4
668JJ,136430.1483
668K,15309246.36
668KK,234310.0284
668L,35933640.44
668LL,7088428.987
668M,7582168.952
668MM,1582428.442
668NN,16791131.6
668O,26523780.34
668P,11349073.28
668Q,21270155.13
668R,49663471.31
668S,4804048.021
668T,44214628.24
668U,7419569.81
668V,1733671.062
668W,1222605.002
668X,9079436.485
668Y,28056227.25
668Z,17992963.74
840E,486326.7317
840F,150615.9192
957A,1055870865
957B,2353410.479
FMT.0001D,49975409.66
FMT.0009A,272880839.2
FMT.0009CC,88593557.25
FMT.0010A,236783019.2
FMT.0010B,1368064.217
FMT.0010C,234313.0561
FMT.0010E,955633.3677
FMT.0010F,42507.94983
FMT.0010M,2624109.199
FMT.0010O,10474605.7
FMT.0010Q,19189821.9
FMT.0010S,42714466.8
FMT.0016AA,18774.69313
FMT.0016B,12203429.91
FMT.0016C,23732682.96
FMT.0016D,18710514.43
FMT.0016G,39497420.17
FMT.0016H,15891061.53
FMT.0016I,4403183.726
FMT.0016J,20352009.39
FMT.0016K,3930366.12
FMT.0016L,27801867.97
FMT.0016M,13043298.54
FMT.0016N,5363543.661
FMT.0016O,418701.5706
FMT.0016P,11761939.78
FMT.0016R,76449946.99
FMT.0016S,4404439.058
FMT.0016U,7920391.013
FMT.0016V,324357937.8
FMT.0016W,195061351.2
FMT.0016Y,133671008.3
FMT.0016Z,729523.1266
FMT.0020A,241996670.5
FMT.0020C,1515775.627
FMT.0020D,14368280.12
FMT.0020E,221861803.4
FMT.0020G,302060791.6
FMT.0023A,495376487.9
FMT.0023B,279279893.1
FMT.0023C,583884091.6
FMT.0023D,469990738.7
FMT.0023E,130335158.3
FMT.0023F,227155292.5
FMT.0023G,184557651.7
FMT.0023H,79514189.21
FMT.0023I,154941096.7
FMT.0023J,326144448.7
FMT.0023K,305175231.4
FMT.0023L,317951486.1
FMT.0023M,92797128.81
FMT.0028C,1018.99106
FMT.0028F,2797.430788
FMT.0028G,2171516.899
FMT.0028H,105877.4385
FMT.0028I,142128.8137
FMT.0028K,31245827.57
FMT.0028Q,120980875
FMT.0028R,35841794.42
FMT.0034A,66.64934958
FMT.0034B,92007043.88
FMT.0034C,7222754.754
FMT.0034D,21297.25958
FMT.0034E,521914.414
FMT.0034F,24469725.83
FMT.0034G,378576582.5
FMT.0034J,44289692.73
FMT.0034K,28211830.56
FMT.0034L,59245538.46
FMT.0034M,16276234.88
FMT.0034N,11340366.07
FMT.0034O,67847428.57
FMT.0034P,94222424.44
FMT.0034Q,20714286.62
FMT.0034R,90687983.37
FMT.0034S,9994203.804
FMT.0034T,28600172.54
FMT.0034V,29075943.96
FMT.0035A,14126184.06
FMT.0035B,122182.6492
FMT.0035C,300542.5313
FMT.0035D,1897517.176
FMT.0035F,2236173.043
FMT.0035G,1147776.291
FMT.0035H,24619205.47
FMT.0035J,172701.5486
FMT.0035K,12916526.36
FMT.0035L,742152.0123
FMT.0035M,21716.64626
FMT.0036A,2721875.729
FMT.0039A,22619649.44
FMT.0039E,58618029.57
FMT.0050A,93143263.57
FMT.0050B,1980894.772
FMT.0050C,1145965.918
FMT.0050D,56992.14143
FMT.0050E,6864.704001
FMT.0050F,14756.43389
FMT.0050G,130705.9212
FMT.0050H,59.26956926
FMT.0050I,17.19558039
FMT.0050K,8141292.013
FMT.0052C,35182420.97
FMT.0052E,3286962.225
FMT.0052G,35695303.8
FMT.0052J,7335675.26
FMT.0052K,6057177.419
FMT.0052M,18688781.01
FMT.0052R,18477565.12
FMT.0052S,9103914.262
FMT.0052T,11196846.21
FMT.0055A,2027002.361
FMT.0055C,101543057.6
FMT.0055D,128595212.1
FMT.0055E,36346359.24
FMT.0055G,18301190.31
FMT.0055H,135583.8462
FMT.0055I,24774360.5
FMT.0055J,9541513.522
FMT.0055N,1617275.826
FMT.0055O,232239.7743
FMT.0055P,3864948.438
FMT.0055T,8999815.269
FMT.0057A,8707291.934
FMT.0057C,42445849.96
FMT.0057D,35692626.42
FMT.0057E,55681914.5
FMT.0057F,32948587.34
FMT.0057G,35362437.37
FMT.0057H,10223788.82
FMT.0057I,27481371.99
FMT.0057J,11568297.3
FMT.0057K,21169458.96
FMT.0057L,88980942.71
FMT.0057M,31538696.44
FMT.0057N,26416505.83
FMT.0057S,192741588.4
FMT.0057T,128828231.5
FMT.0059AA,9702487.128
FMT.0059B,117127324.1
FMT.0059BB,60191633.93
FMT.0059C,87973483.96
FMT.0059CC,32929017.32
FMT.0059D,170318032.8
FMT.0059DD,63012929.12
FMT.0059E,94663000
FMT.0059F,110971280.3
FMT.0059FF,144112043.1
FMT.0059G,98235248.35
FMT.0059H,101423482.6
FMT.0059I,1773.613015
FMT.0059J,6192754.571
FMT.0059K,17368074.61
FMT.0059L,8832650.532
FMT.0059M,4548400.681
FMT.0059N,61106589.4
FMT.0059O,1269689.226
FMT.0059P,73761.28178
FMT.0059Q,35686103.45
FMT.0059R,26477356.9
FMT.0059S,106784448.2
FMT.0059T,141140795.3
FMT.0059U,26447261.86
FMT.0059V,19960066.59
FMT.0059X,23353258.79
FMT.0059Y,30913794.22
FMT.0059Z,40555835.7
FMT.0060A,100067806.2
FMT.0060F,166244704.2
FMT.0060H,507264048.5
FMT.0060I,266790973.8
FMT.0060J,17357000.9
FMT.0060O,75201687.21
FMT.0061A,14360377.94
FMT.0061B,103915586.7
FMT.0061BB,727542444.9
FMT.0061C,66220492.58
FMT.0061CC,0
FMT.0061D,26179407.77
FMT.0061DD,715123166.1
FMT.0061E,19071804.58
FMT.0061EE,10198055.16
FMT.0061F,17742907.41
FMT.0061FF,14938203.61
FMT.0061G,38742587.5
FMT.0061GG,90285949.94
FMT.0061H,10188067.44
FMT.0061I,2377375.894
FMT.0061J,881040.4373
FMT.0061K,18691657.89
FMT.0061L,5156.74275
FMT.0061R,34094.70252
FMT.0061S,1163058.769
FMT.0061U,22989.1873
FMT.0061X,379001.3055
FMT.0061Z,95232146.41
FMT.0062A,3407169.424
FMT.0062AA,229.5001894
FMT.0062B,4369602.996
FMT.0062BB,694250.9146
FMT.0062D,31126045.23
FMT.0062E,52949480.47
FMT.0062EE,6272356.603
FMT.0062F,41342027.45
FMT.0062G,21326727.66
FMT.0062H,102082824.7
FMT.0062L,70301009.7
FMT.0062M,696458.3333
FMT.0062O,15755.91672
FMT.0062P,3062.209451
FMT.0062Q,820.9253659
FMT.0062R,8743.149866
FMT.0062S,304400.8659
FMT.0062T,1183617.613
FMT.0062V,6257020.33
FMT.0062W,5363764.296
FMT.0062X,3081265.365
FMT.0062Y,381148.6022
FMT.0062Z,436971.4362
FMT.0063A,25686862.64
FMT.0063B,38532356.06
FMT.0063C,695380.3357
FMT.0063CC,4023.101462
FMT.0063D,2258282.624
FMT.0063E,506283.9929
FMT.0063EE,157502.3175
FMT.0063EEE,53830247.73
FMT.0063F,244273.0311
FMT.0063FFF,29982902.16
FMT.0063G,3265906.269
FMT.0063I,3123774.494
FMT.0063III,109147642
FMT.0063JJJ,9119830.769
FMT.0063K,559550.2451
FMT.0063KKK,106876112.4
FMT.0063L,15250167.02
FMT.0063LLL,43517356.5
FMT.0063M,11236183.48
FMT.0063MM,20189847.22
FMT.0063N,421327.2028
FMT.0063NN,30744074.33
FMT.0063OO,34997339.05
FMT.0063P,12698.00139
FMT.0063TT,50839912.95
FMT.0063UU,242517950.2
FMT.0063YY,236463230.5
FMT.0064A,11557458.21
FMT.0064B,85159058.38
FMT.0064FF,17195325.26
FMT.0064H,555277.9154
FMT.0064J,39859.30275
FMT.0064K,82494.48003
FMT.0064M,480431.7472
FMT.0064O,154399.9314
FMT.0064P,568141.5516
FMT.0064Q,969908.7897
FMT.0064R,32745.71356
FMT.0064S,308965.6929
FMT.0064T,1177321.682
FMT.0064V,1126969.147
FMT.0064X,29542255.96
FMT.0066A,19732937.63
FMT.0066B,69622329.77
FMT.0066C,30557310.04
FMT.0066D,32370164.66
FMT.0066E,18988357.49
FMT.0066F,21891480.14
FMT.0066G,13326471.78
FMT.0066H,6541443.211
FMT.0066I,25812685.96
FMT.0066J,3828803.384
FMT.0066K,5442278.457
FMT.0066L,35134557.29
FMT.0066M,37520832.38
FMT.0066N,4846237.033
FMT.0066O,8628250
FMT.0066P,11508362.85
FMT.0066Q,5378397.552
FMT.0066R,801954.2549
FMT.0066S,33062124.77
FMT.0066T,37043320.99
FMT.0066U,7838024.246
FMT.0066W,45123339.42
FMT.0066X,83021401.75
FMT.0066Y,2030547.378
FMT.0066Z,83640919.25
FMT.0067A,22138475.89
FMT.0067B,65737766.67
FMT.0067C,38603448.32
FMT.0067N,11122392.05
FMT.0067U,63130701.59
FMT.0068A,15204016.05
FMT.0068B,20590354.12
FMT.0068C,68447965.33
FMT.0068D,2186875.095
FMT.0068E,9381116.325
FMT.0068F,34539302.98
FMT.0068G,70473167.56
FMT.0068H,60033993.77
FMT.0068I,19310321.12
FMT.0068J,35266535.03
FMT.0068L,5532776.905
FMT.0068M,190990.9601
FMT.0068N,28908.67265
FMT.0068Q,1693141.496
FMT.0068R,2951925.86
FMT.0068T,99661.15451
FMT.0068U,5102813.86
FMT.0068V,8539432.449
FMT.0068W,10529606.44
FMT.0068X,29362927.14
FMT.0068Y,38717888.89
FMT.0069AA,3693179.816
FMT.0069B,63955323.48
FMT.0069C,43740336.09
FMT.0069D,80066552.46
FMT.0069E,137905278.4
FMT.0069F,183005228.1
FMT.0069G,63105429.54
FMT.0069H,19116106.99
FMT.0069I,14990085.62
FMT.0069J,3842273.87
FMT.0069L,38929245.46
FMT.0069M,3813218.168
FMT.0069N,118073445.1
FMT.0069O,10310927.14
FMT.0069P,31153252.96
FMT.0069Q,60258794.97
FMT.0069R,23202975.87
FMT.0069S,9406154.832
FMT.0069W,1403128796
FMT.0069X,823841057.9
FMT.0069Y,1418232504
FMT.0069Z,56805962.38
FMT.0070A,114906114
FMT.0070C,103083925.5
FMT.0070D,580583.54
FMT.0070K,15792728.93
FMT.0070R,263883027
FMT.0070T,106351290.2
FMT.0070V,91873900.99
FMT.0070W,1085459417
FMT.0072A,9926091.315
FMT.0072I,5010027.44
FMT.0072K,14791831.62
FMT.0073A,209274101.5
FMT.0073B,175232926.5
FMT.0073D,277815816.8
FMT.0073F,54150698.12
FMT.0073G,577574987.2
FMT.0073H,405106939.1
FMT.0073N,155191.9939
FMT.0073P,230878.7634
FMT.0073R,16855.57891
FMT.0073S,110502.4688
FMT.0074A,87125942.39
FMT.0074D,42570204.42
FMT.0074E,80526567.66
FMT.0074F,77223639.24
FMT.0074G,77793535.71
FMT.0074H,63025155.04
FMT.0075B,201306569.4
FMT.0075C,294709835.6
FMT.0075D,81949962.75
FMT.0075E,58659888.89
FMT.0075F,4184318.213
FMT.0075I,16589889.83
FMT.0075J,2264400.971
FMT.0075K,2298728.938
FMT.0075L,9976460.64
FMT.0075M,9993386.488
FMT.0075N,57595077.13
FMT.0076Q,24304339.78
FMT.0077AA,297712616.8
FMT.0077B,87045449.04
FMT.0077C,373128582.7
FMT.0077CC,24837294.95
FMT.0077D,11276995.99
FMT.0077DD,30247940.74
FMT.0077EE,237379574.1
FMT.0077F,13559477.44
FMT.0077FF,9660697.647
FMT.0077G,5506756.848
FMT.0077GG,20298733.43
FMT.0077H,177094437.4
FMT.0077HH,2196208.242
FMT.0077I,35508601.89
FMT.0077II,113531114.9
FMT.0077J,22518381.52
FMT.0077JJ,37063596.64
FMT.0077K,4400331.859
FMT.0077KK,47598780.36
FMT.0077L,1849867.565
FMT.0077LL,95308267.86
FMT.0077M,392280.1186
FMT.0077MM,59161398.21
FMT.0077N,3117701.682
FMT.0077NN,8612727.187
FMT.0077O,5482643.44
FMT.0077OO,19861391.26
FMT.0077P,360601.6282
FMT.0077PP,47093686.29
FMT.0077QQ,2527809.587
FMT.0077R,5644888.571
FMT.0077RR,51049472.38
FMT.0077S,2758678.564
FMT.0077SS,91757286.69
FMT.0077T,143543559.5
FMT.0077U,144744276.7
FMT.0077X,14492273.38
FMT.0077Y,64197736.84
FMT.0077Z,95100130.31
FMT.0079D,177847743.6
FMT.0079E,7717780.234
FMT.0079F,5269075.82
FMT.0079G,2506687.73
FMT.0079I,308852.5318
FMT.0079M,2357731.584
FMT.0079O,14410268.64
FMT.0079P,283858173.9
FMT.0080B,34802714.48
FMT.0080C,790244.2508
FMT.0080D,7733255.765
FMT.0080E,23599988.61
FMT.0080F,12244563.52
FMT.0080H,546037.9951
FMT.0080I,1421473.684
FMT.0080J,10936724.5
FMT.0080K,18979800.08
FMT.0080L,3232497.841
FMT.0080Q,25654644.59
FMT.0080R,772851168.8
FMT.0080T,84306898.12
FMT.0081AA,1877455.313
FMT.0081B,69580264.37
FMT.0081C,111868678.2
FMT.0081G,86917619.7
FMT.0081L,63384245.4
FMT.0081N,13733187.47
FMT.0081O,27376852.12
FMT.0081P,51767418.66
FMT.0081Q,150606422.8
FMT.0081T,562231916
FMT.0081W,444169765.6
FMT.0081X,40042472.22
FMT.0081Y,203097856.9
FMT.0081Z,0
FMT.0082B,60004528.27
FMT.0082C,63175555.97
FMT.0082D,73435399.57
FMT.0082E,62981915.23
FMT.0082F,24854447.77
FMT.0082J,58769050.49
FMT.0082K,29043456.11
FMT.0082L,1884064.598
FMT.0082M,20743475.56
FMT.0082N,83946290.74
FMT.0082O,0
FMT.0082Q,955425.3231
FMT.0082Y,61727810.04
FMT.0082Z,2176931472
FMT.0083A,936888.6097
FMT.0083B,299993611.7
FMT.0083J,95539268.89
FMT.0083K,84642601.89
FMT.0083L,23982754.61
FMT.0083M,13706778.46
FMT.0083O,67233116.44
FMT.0083P,244754561.3
FMT.0083Q,457434527
FMT.0083S,126293149.4
FMT.0083T,10807329.53
FMT.0083U,8388132.844
FMT.0083V,0
FMT.0083W,438353315.7
FMT.0083X,398671974.7
FMT.0085A,100075951.7
FMT.0085B,26245043.57
FMT.0085C,90112929.38
FMT.0085D,19521911.38
FMT.0085E,5502000
FMT.0085F,11681171.88
FMT.0085G,47078329.92
FMT.0085H,90732421.27
FMT.0088A,91913326.7
FMT.0088B,55023369.75
FMT.0088C,14275968.66
FMT.0088D,12963943.07
FMT.0088E,49765153.03
FMT.0088F,72050204.78
FMT.0088G,125913494.9
FMT.0088H,63400052.51
FMT.0089A,43774031.35
FMT.0089B,66673051.14
FMT.0089C,77799762.82
FMT.0089D,76654897.87
FMT.0089E,62973196.67
FMT.0089F,104522408
FMT.0089G,24519479.4
FMT.0089H,45347184.31
FMT.0089I,27744857.14
FMT.0089J,12433745.88
FMT.0089K,16199464.17
FMT.0089L,8069188.783
FMT.0089M,31355.59882
FMT.0089N,9602367.41
FMT.0089O,10359846.86
FMT.0089P,14064182.6
FMT.0089Q,457264.3922
FMT.0089R,283384.3465
FMT.0089S,57457731.11
FMT.0090A,31789223.92
FMT.0090B,19489371.58
FMT.0090C,40295.30838
FMT.0090D,2691808.868
FMT.0090E,470777.0346
FMT.0090F,4747014.244
FMT.0090G,3013102.957
FMT.0090H,14797359.45
FMT.0090K,13756.87905
FMT.0090P,26230.48425
FMT.0090Q,35064.19596
FMT.0090T,594611.3062
FMT.0090U,33286726.25
FMT.0090V,20165.9752
FMT.0090W,3877956.361
FMT.0090X,43893124.54
FMT.0090Y,145882045.5
FMT.0091AA,3191450.541
FMT.0091B,46181703.96
FMT.0091BB,1478445.018
FMT.0091CC,1399228.926
FMT.0091D,138060623
FMT.0091DD,4631210.925
FMT.0091E,145767025.6
FMT.0091EE,5555902.61
FMT.0091F,48963563.96
FMT.0091FF,73236784.16
FMT.0091G,76963348.09
FMT.0091GG,223646817
FMT.0091H,7668575.91
FMT.0091HH,6941382.035
FMT.0091II,49572.80099
FMT.0091J,15182.65252
FMT.0091K,1508729.678
FMT.0091KK,26315208.63
FMT.0091LL,102382624.3
FMT.0091O,170868.5494
FMT.0091OO,6054128.862
FMT.0091PP,17672635.52
FMT.0091Q,32465.75414
FMT.0091QQ,1948391111
FMT.0091RR,793610892.9
FMT.0091S,1614062.549
FMT.0091SS,196916946.1
FMT.0091V,89663.82663
FMT.0091W,205691.9748
FMT.0091X,377274.2779
FMT.0091Z,22757861.22
FMT.0092A,219438807.6
FMT.0092AA,47287188.85
FMT.0092B,853261368.7
FMT.0092C,29517629.5
FMT.0092CC,23487951.05
FMT.0092D,287641694.4
FMT.0092DD,86308839.31
FMT.0092E,145019376.9
FMT.0092EE,8231519.378
FMT.0092F,53324214.07
FMT.0092FF,236050865.7
FMT.0092G,20183588.41
FMT.0092GG,75142773.95
FMT.0092HH,229122619.6
FMT.0092I,10888285.4
FMT.0092II,13088172.72
FMT.0092J,2372001.946
FMT.0092JJ,80972134.83
FMT.0092K,380121726.1
FMT.0092KK,177870520.6
FMT.0092L,68068953.41
FMT.0092LL,614117957
FMT.0092M,45263073.61
FMT.0092MM,968465452.1
FMT.0092N,52897598.17
FMT.0092NN,4630.852366
FMT.0092O,7253668.361
FMT.0092OO,3791006.944
FMT.0092P,220081989.7
FMT.0092Q,10249354.61
FMT.0092S,40123870.77
FMT.0092T,3987843.183
FMT.0092U,12495122.92
FMT.0092V,66846952.61
FMT.0092X,3407689.318
FMT.0092Y,18664744.09
FMT.0092Z,31657251.26
FMT.0093A,627608.4714
FMT.0093BB,135714174.2
FMT.0093C,40517664.88
FMT.0093CC,70791707.36
FMT.0093D,34226619.29
FMT.0093E,1572151.944
FMT.0093F,2967756.859
FMT.0093G,711398.1385
FMT.0093GG,18590212.5
FMT.0093H,130520.9415
FMT.0093HH,407914276.4
FMT.0093I,1050970.939
FMT.0093J,1887020.455
FMT.0093K,415882.0578
FMT.0093L,4586885.827
FMT.0093P,11932.92226
FMT.0093Q,1588.698327
FMT.0093S,12.56961615
FMT.0093T,44575.43067
FMT.0093U,750367.7432
FMT.0093V,355238.2605
FMT.0093W,125793.6901
FMT.0093X,988703.8172
FMT.0093Z,65038463.43
FMT.0094A,33730411.04
FMT.0094C,40019869.57
FMT.0094D,15864681.83
FMT.0094E,94719140.74
FMT.0094F,14676.00508
FMT.0094G,445.8861745
FMT.0094H,163161.7888
FMT.0094I,906659.8783
FMT.0094J,11973.92712
FMT.0094K,249866.87
FMT.0094L,753397.7297
FMT.0094M,71172.22137
FMT.0094N,624000
FMT.0094P,3616751.614
FMT.0094Q,714792.5398
FMT.0094R,49687.28067
FMT.0094U,213463658.9
FMT.0094X,265400567.4
FMT.0094Y,93142141.47
FMT.0097A,179220644.2
FMT.0097AA,34554979.99
FMT.0097B,406.1034387
FMT.0097BB,38966882.31
FMT.0097C,59326872.14
FMT.0097CC,80681983.62
FMT.0097D,43635112.13
FMT.0097DD,97434706.99
FMT.0097E,54295492.35
FMT.0097F,66317580.32
FMT.0097G,47439263.04
FMT.0097H,46387118.45
FMT.0097I,85295927.22
FMT.0097J,37883917.26
FMT.0097K,55160927.74
FMT.0097L,144050638.3
FMT.0097M,57133324.44
FMT.0097N,18788240.25
FMT.0097O,674574396.3
FMT.0097P,27278117.54
FMT.0097Q,83269541.5
FMT.0097R,56555178.79
FMT.0097S,76114454.7
FMT.0097T,62172051.53
FMT.0097U,38860960.15
FMT.0097V,170102782.9
FMT.0097W,50583833.79
FMT.0097Y,9244106.021
FMT.0097Z,34645979.7
FMT.0098A,1042604400
FMT.0098D,388283666.7
FMT.0098F,211986385.1
FMT.0098I,3236164.48
FMT.0098J,441937184.3
FMT.0098K,321719146.7
FMT.0098L,67057798.79
FMT.0098M,267992224.8
FMT.0098N,203849193
FMT.0098O,39961393.49
FMT.0098P,209163493.1
FMT.0099A,703690370.4
FMT.0099B,145986039.4
FMT.0099C,218510118.9
FMT.0099D,141916127.4
FMT.0099E,1578930.081
FMT.0099F,1417293.633
FMT.0099H,143431.5756
FMT.0099I,63598.1753
FMT.0099J,320339.7436
FMT.0099K,3516523.232
FMT.0099M,31846091.35
FMT.0099N,1591918.228
FMT.0099O,97696189.74
FMT.0100B,136868510.7
FMT.0100C,515354250
FMT.0100E,47015925.22
FMT.0100F,41798978.95
FMT.0100H,8411372.642
FMT.0100I,51581224.54
FMT.0100J,336590827.2
FMT.0100K,10824144.83
FMT.0100L,230282315.4
FMT.0100M,146211672.4
FMT.0100N,97920997.81
FMT.0100O,6153975.535
FMT.0100P,195209578.1
FMT.0101A,135190084.5
FMT.0101B,66607223.91
FMT.0101C,115542422.5
FMT.0101D,18469246.51
FMT.0101E,5903515.368
FMT.0101F,11461726.55
FMT.0101G,1470441.538
FMT.0101H,5656826.305
FMT.0101I,204140.8987
FMT.0101J,6270925.704
FMT.0101K,69302.56953
FMT.0101L,467104.8285
FMT.0102A,68049131.31
FMT.0102D,24146694.15
FMT.0102E,17398603.8
FMT.0102G,15443305.13
FMT.0102H,842110.2135
FMT.0102I,566791.4875
FMT.0102J,24991011.57
FMT.0102K,87044412.7
FMT.0102L,145542080.2
FMT.0102M,59627713.1
FMT.0103A,115320737.5
FMT.0103B,112667025.6
FMT.0103C,87341148.28
FMT.0103D,201081746.8
FMT.0103E,247093522.8
FMT.0103F,98848759.69
FMT.0103G,56867432.22
FMT.0103H,8644501.98
FMT.0103K,293507.3563
FMT.0103M,6686395.386
FMT.0103O,1840458.862
FMT.0103R,23217695.74
FMT.0103S,10172088.71
FMT.0103T,1147748.669
FMT.0103U,2328437.466
FMT.0103V,2418245.134
FMT.0103W,17859628.21
FMT.0103X,97425137.78
FMT.0103Y,368804423.2
FMT.0103Z,277758477.5
FMT.0104A,429667502.8
FMT.0104B,244146813.6
FMT.0104C,49402158.45
FMT.0104D,2900380.306
FMT.0104E,20025753.14
FMT.0104H,100180.7722
FMT.0104J,71199.04205
FMT.0104K,2337060.802
FMT.0104L,5183004.417
FMT.0104M,14977729.97
FMT.0104O,15902797.21
FMT.0104P,52244635.13
FMT.0104Q,68123340.08
FMT.0104R,11160980.75
FMT.0104S,26.2663391
FMT.0104T,166338357.5
FMT.0105A,66277.488
FMT.0105B,151969400.7
FMT.0105C,114880652.4
FMT.0105D,41.17667578
FMT.0105E,128486392.2
FMT.0105F,234282080.9
FMT.0105G,91105484.01
FMT.0105H,119206733.3
FMT.0105I,10093475.75
FMT.0105J,29466.01211
FMT.0105K,45508.22204
FMT.0105L,128069.4419
FMT.0105M,106347.3226
FMT.0105P,2517834.09
FMT.0105Q,32598043.12
FMT.0106A,4697381.754
FMT.0106AA,22108212.18
FMT.0106B,751216.4989
FMT.0106BB,44607.1406
FMT.0106C,43086606.67
FMT.0106CC,1922.835683
FMT.0106D,822843345
FMT.0106DD,25895150.24
FMT.0106E,28083510.38
FMT.0106EE,885.8866909
FMT.0106F,7676747.024
FMT.0106G,123948.4464
FMT.0106GG,3863094.876
FMT.0106H,140399.2413
FMT.0106I,105318.4661
FMT.0106K,968247.0439
FMT.0106L,46643443.99
FMT.0106M,108092436
FMT.0106R,23400323.07
FMT.0106S,178533964
FMT.0106U,5715190.431
FMT.0106V,15664244.67
FMT.0106W,43052984.58
FMT.0106X,28660.15543
FMT.0106Y,150472260.4
FMT.0106Z,5783.345292
FMT.0107B,84953.72898
FMT.0107C,246375.0337
FMT.0107D,301477.8262
FMT.0107E,771152.5033
FMT.0107F,399519.0077
FMT.0107G,556758.0009
FMT.0107H,2283057.047
FMT.0107J,3444577.851
FMT.0107K,3113207.078
FMT.0107L,5919023.872
FMT.0107M,3875477.219
FMT.0107N,1146412.44
FMT.0107O,76122.54391
FMT.0107P,4737070.152
FMT.0107Q,57334201.16
FMT.0107R,26389662.36
FMT.0107T,30498393.74
FMT.0107U,25366967.23
FMT.0107V,88582892.77
FMT.0107W,931879954.4
FMT.0108A,7652482.993
FMT.0108B,54818647.2
FMT.0108C,215564966.2
FMT.0108D,12874080.67
FMT.0108E,9327183.94
FMT.0108F,3645644.112
FMT.0108G,794968.3738
FMT.0108I,359618.8721
FMT.0108J,2624154.399
FMT.0108K,1754751.791
FMT.0108L,12508358.11
FMT.0108M,16019345.65
FMT.0108N,7140871.976
FMT.0108P,174100.5009
FMT.0108Q,2309043.528
FMT.0108R,50063483.22
FMT.0108S,1690026.447
FMT.0108T,24233472.43
FMT.0108U,7267467.206
FMT.0108V,7449164.508
FMT.0108W,42803630.88
FMT.0108X,91194253.16
FMT.0109A,1650217846
FMT.0109B,2697795.405
FMT.0109C,49822.7135
FMT.0109D,94748.51959
FMT.0109F,5668095.806
FMT.0109G,130258.7036
FMT.0109H,2959787.901
FMT.0109I,2114118.475
FMT.0109K,26328698.95
FMT.0109L,136072831.3
FMT.0109M,5758013.054
FMT.0110A,73689366.47
FMT.0110B,55987137.81
FMT.0110C,153276356.5
FMT.0110D,147124025.6
FMT.0110E,278751369.8
FMT.0110F,80523275.79
FMT.0110G,80424954.31
FMT.0110H,42493927.29
FMT.0110I,22041598.94
FMT.0110J,42649700
FMT.0110K,73321108.37
FMT.0110L,48796638.36
FMT.0110M,37970744.44
FMT.0110N,20549170.39
FMT.0110O,178129831.3
FMT.0111A,60924945.33
FMT.0111B,223146903.9
FMT.0111C,205553755.6
FMT.0111D,169196585.8
FMT.0111E,6256551.768
FMT.0111F,8045650.704
FMT.0111G,4561.367181
FMT.0111I,2970.419616
FMT.0111J,4232.934974
FMT.0111L,159516.6561
FMT.0111M,1837630.132
FMT.0111N,5751.67708
FMT.0111P,27.52581566
FMT.0111S,5895.434958
FMT.0111T,88807985.57
FMT.0111V,671554.1346
FMT.0111W,638560720.7
FMT.0111X,543113285.5
FMT.0111Y,127403186.4
FMT.0111Z,617358447.9
FMT.0112B,21946709.7
FMT.0112D,45912388.21
FMT.0112E,70403200.4
FMT.0112F,66158244.55
FMT.0112G,136725245
FMT.0112H,73798623.31
FMT.0112I,49905173.45
FMT.0112J,197208145
FMT.0112K,31160646.11
FMT.0112L,116192071.4
FMT.0112M,131328420.2
FMT.0112N,22918.39344
FMT.0112O,168885086.8
FMT.0112P,176549353.1
FMT.0112Q,103242964.1
FMT.0112R,214816666.7
FMT.0112S,66561296.77
FMT.0112T,189935188.8
FMT.0112U,85387358.02
FMT.0112V,151992159.3
FMT.0112W,118002142.9
FMT.0112X,8454.459557
FMT.0112Y,8797298.865
FMT.0112Z,213977216.7
FMT.0113A,162873300
FMT.0113B,0
FMT.0113C,28077057.83
FMT.0113D,95635088.01
FMT.0113E,140831070.7
FMT.0113F,75020543.77
FMT.0113G,111045745.3
FMT.0113H,45971962.15
FMT.0113I,35597325.47
FMT.0113J,48016979.67
FMT.0113K,110437300.7
FMT.0113L,108835315.4
FMT.0113M,115129959.8
FMT.0113N,53689594.52
FMT.0114A,354644111.1
FMT.0114AA,70830377.84
FMT.0114B,26827208.33
FMT.0114BB,248245739.1
FMT.0114C,1013891429
FMT.0114CC,60642878.79
FMT.0114D,1266136082
FMT.0114DD,562973750
FMT.0114E,62876531.46
FMT.0114F,64758989.9
FMT.0114FF,278617.9187
FMT.0114G,7109835.099
FMT.0114GG,5031215.909
FMT.0114H,16661592.41
FMT.0114HH,4446148.526
FMT.0114I,110348944.6
FMT.0114J,54130703.26
FMT.0114K,1542808.333
FMT.0114O,108006.5799
FMT.0114P,28802054.28
FMT.0114Q,2294905.34
FMT.0114R,344082.1989
FMT.0114S,13855.73661
FMT.0114T,507186.9151
FMT.0114U,5696625.275
FMT.0114V,0
FMT.0114W,0
FMT.0114X,0
FMT.0114Y,0
FMT.0114Z,101273265.9
FMT.0116B,22461585.52
FMT.0116C,44162525.49
FMT.0116D,83171049.88
FMT.0116E,92843703.38
FMT.0116F,65014329.14
FMT.0116G,4879.339316
FMT.0116I,43523510.77
FMT.0116J,112266745.1
FMT.0116L,115985387.8
FMT.0116M,89942007.6
FMT.0116N,564082701.1
FMT.0116O,1434812015
FMT.0116P,1245379489
FMT.0117A,865416451.4
FMT.0117B,206296989.5
FMT.0117C,580573019.6
FMT.0117D,677150217.7
FMT.0117E,227239952.9
FMT.0117F,7220125.478
FMT.0117G,114789148.1
FMT.0117I,210527561.9
FMT.0117K,89271481.28
FMT.0117L,258332305.9
FMT.0117M,309257741.2
FMT.0118B,25272.61053
FMT.0118C,2138371.663
FMT.0118D,662377.9409
FMT.0118E,8190274.74
FMT.0118H,32212170.48
FMT.0118J,67005900.99
FMT.0118K,5861095.515
FMT.0118L,9998431.361
FMT.0118M,21905904.92
FMT.0118O,2277.176057
FMT.0120B,46836321.84
FMT.0120C,10667084.15
FMT.0120D,11057829.15
FMT.0120E,20729121.92
FMT.0120F,203082584.3
FMT.0120G,135382983
FMT.0120H,85112453.98
FMT.0120I,12815389.67
FMT.0120J,5141825.959
FMT.0120K,32895836.92
FMT.0120L,202022660.4
FMT.0120N,21553135.6
FMT.0120O,297540156.4
FMT.0120P,160505.8121
FMT.0120Q,274268.0739
FMT.0120R,100333423.6
FMT.0120S,210744082.6
FMT.0120T,66974696.88
FMT.0122A,374626105
FMT.0122B,253659912.7
FMT.0122C,101058697.9
FMT.0122D,158594727.5
FMT.0122E,10057019.14
FMT.0122F,9060258.481
FMT.0122J,3752.404661
FMT.0124A,1850649529
FMT.0124B,105522704.6
FMT.0124C,223926659.5
FMT.0124D,399854306.7
FMT.0124E,204104556.9
FMT.0124F,104288090.7
FMT.0124G,71109605.15
FMT.0124H,257896155.8
FMT.0124I,212358721.2
FMT.0124J,188062126.3
FMT.0124K,215124079
FMT.0124L,265616499.2
FMT.0124M,164645430
FMT.0124N,136934956
FMT.0124O,141359256.5
FMT.0125A,1153819912
FMT.0125AA,457932497.9
FMT.0125B,1507271.107
FMT.0125BB,854770842.8
FMT.0125C,11064860.16
FMT.0125CC,371393033.2
FMT.0125D,13981674.94
FMT.0125E,7077938.012
FMT.0125F,213525207.2
FMT.0125G,275593241
FMT.0125H,433428478.6
FMT.0125I,273854070.5
FMT.0125K,1989425320
FMT.0125L,575003800.3
FMT.0125M,74812219.27
FMT.0125N,7844926.743
FMT.0125O,1473917.727
FMT.0125P,73782535.63
FMT.0125Q,73397258.38
FMT.0125R,187659049.8
FMT.0125T,6709183.333
FMT.0125U,37701754.34
FMT.0125V,42673038.57
FMT.0125W,255282189.6
FMT.0125X,230425145
FMT.0125Y,165370579.2
FMT.0125Z,275871739.7
FMT.0126A,2469943.502
FMT.0126AA,374418481.6
FMT.0126B,62123.89933
FMT.0126BB,82606792.04
FMT.0126CC,36542116.67
FMT.0126DD,21474227.08
FMT.0126E,83178356.19
FMT.0126F,45908700.1
FMT.0126FF,602698.4294
FMT.0126G,37088424.62
FMT.0126GG,481518.2983
FMT.0126H,7098894.288
FMT.0126HH,96749984.85
FMT.0126I,1512624.95
FMT.0126II,62550985.42
FMT.0126J,569929.5922
FMT.0126K,1336205.013
FMT.0126L,289746.2955
FMT.0126N,698730.7703
FMT.0126P,443104.3728
FMT.0126Q,23592330.78
FMT.0126R,11562019.08
FMT.0126T,1559280.284
FMT.0126U,33684.31447
FMT.0126V,70472671.64
FMT.0126X,150552583.3
FMT.0126Y,292573354.8
FMT.0126Z,170134450.7
FMT.0127A,3610988.376
FMT.0127B,46473131.18
FMT.0127C,42836137.33
FMT.0127D,15522427.81
FMT.0127E,5744529.045
FMT.0127F,1082896.904
FMT.0127G,53214785.46
FMT.0127H,54087150.52
FMT.0127J,96356316.44
FMT.0128A,0
FMT.0128B,103373181.8
FMT.0128C,31783821.12
FMT.0128D,98399505.08
FMT.0128E,113728816.2
FMT.0128F,26082243.46
FMT.0128G,13770489.51
FMT.0128H,43667409.28
FMT.0128I,164014439.3
FMT.0128J,112642337.8
FMT.0128K,68136584.15
FMT.0128L,18073127.15
FMT.0128M,1635891.312
FMT.0128N,110990917.3
FMT.0128O,226936512.4
FMT.0128P,64198091.35
FMT.0128Q,107012891
FMT.0128R,170037781.9
FMT.0128S,564946888.9
FMT.0128T,190575095.1
FMT.0128U,98686526.52
FMT.0128V,123528513.5
FMT.0128W,159533543.2
FMT.0128X,6392871.658
FMT.0130A,36463.27415
FMT.0130B,238333617.5
FMT.0130C,159318723.9
FMT.0130D,17347487.86
FMT.0130E,25615250.94
FMT.0130F,57504301.56
FMT.0130G,809510.4257
FMT.0130H,168778329.9
FMT.0130I,201983770.4
FMT.0131A,13689244.54
FMT.0131B,60494654.47
FMT.0131C,37518098.3
FMT.0131D,76215298.35
FMT.0131E,96768450.12
FMT.0131F,29934586.15
FMT.0131G,14842645.64
FMT.0131H,10029980.1
FMT.0131I,18631091.95
FMT.0131J,28406360.34
FMT.0131K,71702068.47
FMT.0131L,39999293.6
FMT.0131M,37249707.76
FMT.0131N,103905427.2
FMT.0131O,216980.8671
FMT.0131P,194342.8476
FMT.0131Q,520432686.5
FMT.0132A,3954166329
FMT.0132B,141059059.5
FMT.0132C,23405906.2
FMT.0132D,188621963.9
FMT.0133A,1589125405
FMT.0133B,59585252.75
FMT.0133C,649422419.2
FMT.0134A,1479996453
FMT.0134B,10862871.43
FMT.0134C,18097314.9
FMT.0134D,9889179.858
FMT.0134E,5700670.315
FMT.0134F,3834022.727
FMT.0136B,12093193.05
FMT.0136C,89470904.76
FMT.0136D,9145843.78
FMT.0136E,4202380.519
FMT.0136F,17269410.15
FMT.0136G,18542125.39
FMT.0136I,21945147.61
FMT.0136J,1025543.418
FMT.0136K,1824278.598
FMT.0136L,9193094.012
FMT.0136M,12220674.1
FMT.0136N,516118.0367
FMT.0136O,29451030.35
FMT.0136P,2509344.832
FMT.0137A,29519282.37
FMT.0137B,178752783.2
FMT.0137C,170986822.9
FMT.0137D,320670855.6
FMT.0137E,433229360.2
FMT.0137F,98216198.24
FMT.0137G,236061039.4
FMT.0137H,125912795.5
FMT.0137I,136263119.9
FMT.0137J,368739113.4
FMT.0137K,106310701.9
FMT.0137L,94576218.91
FMT.0137N,102878876.6
FMT.0139A,184675729.5
FMT.0139AA,101812043.9
FMT.0139B,17564124.09
FMT.0139BB,8311669.715
FMT.0139C,57369095.04
FMT.0139CC,4520147.366
FMT.0139D,35293608.53
FMT.0139DD,12524201.82
FMT.0139E,106220578.1
FMT.0139EE,14949659.65
FMT.0139F,40723794.47
FMT.0139FF,17967458.6
FMT.0139G,1809506.125
FMT.0139H,12406398.71
FMT.0139I,1029515.96
FMT.0139J,590306.5361
FMT.0139K,267657883.7
FMT.0139L,19637579.04
FMT.0139M,38114776.79
FMT.0139N,283035811
FMT.0139O,289439320.1
FMT.0139P,177757531.4
FMT.0139Q,494457550
FMT.0139R,744805860.1
FMT.0139S,607478150.9
FMT.0139T,631204380.3
FMT.0139U,676580897.4
FMT.0139V,1194912274
FMT.0139W,974318000
FMT.0139X,172257064.3
FMT.0139Y,129948466.1
FMT.0139Z,67468600.97
FMT.0140A,49059417.36
FMT.0141A,8165534.15
FMT.0141B,35143709.68
FMT.0141C,44121706.17
FMT.0141D,54030856.97
FMT.0141E,23486653.17
FMT.0141G,29814175.82
FMT.0141I,181137024.9
FMT.0141J,21699533.6
FMT.0141K,134256151.3
FMT.0141L,10948439.42
FMT.0141M,67077261.16
FMT.0141N,618419528.5
FMT.0141O,72652796.67
FMT.0142A,322568520.4
FMT.0142AA,5559573.218
FMT.0142B,284956873.2
FMT.0142BB,0
FMT.0142C,45161949.52
FMT.0142D,13000316.05
FMT.0142E,17209299.59
FMT.0142F,8036737.117
FMT.0142G,10326768.78
FMT.0142H,4931053.716
FMT.0142I,12204817.85
FMT.0142J,6370167.496
FMT.0142K,25168284.19
FMT.0142L,3745789.609
FMT.0142M,3761442.594
FMT.0142N,26777442.91
FMT.0142O,3343723.429
FMT.0142P,2974063.326
FMT.0142Q,44969733.72
FMT.0142R,65067696.24
FMT.0142S,397366.7273
FMT.0142T,330806.628
FMT.0142U,325360.0427
FMT.0142V,641929.1351
FMT.0142W,650535.1133
FMT.0142X,551552.4897
FMT.0142Y,2583450.231
FMT.0142Z,2475040.741
FMT.0144B,74937842.45
FMT.0144C,7876652.545
FMT.0144E,2568240.732
FMT.0145A,1134097.67
FMT.0145B,204698502.1
FMT.0145C,231180997.8
FMT.0145D,3310989.13
FMT.0146B,104171603.4
FMT.0146C,767272.6466
FMT.0146D,242028.7981
FMT.0146E,18344248.25
FMT.0146F,25250174.85
FMT.0147B,167279801.9
FMT.0147BB,19986302.61
FMT.0147C,18894622.78
FMT.0147CC,5798292.774
FMT.0147D,112912613.3
FMT.0147E,124008942.5
FMT.0147EE,243134359.3
FMT.0147F,11929690.09
FMT.0147FF,44538718.69
FMT.0147G,7200149.038
FMT.0147GG,594878.7879
FMT.0147HH,789814.6374
FMT.0147I,857944.4522
FMT.0147J,39072195.2
FMT.0147JJ,24738602.15
FMT.0147KK,1692231.744
FMT.0147L,45275582.57
FMT.0147LL,18836847.16
FMT.0147M,6495056.592
FMT.0147MM,369466.352
FMT.0147O,144145196.7
FMT.0147P,33239658.3
FMT.0147Q,52685768.48
FMT.0147R,18855126
FMT.0147S,77749865.12
FMT.0147T,47061958.61
FMT.0147U,2029355.723
FMT.0147V,2685418.585
FMT.0147W,25758208.51
FMT.0147Y,30571977.65
FMT.0147Z,7845027.92
FMT.0151A,49188.26045
FMT.0152A,295985.356
FMT.0153A,457922261
FMT.0153B,16511097.4
FMT.0153C,5061.210973
FMT.0153D,173609.51
FMT.0153E,9785.966114
FMT.0153F,30083.71482
FMT.0153G,102037.4232
FMT.0153H,4817890.339
FMT.0153J,1357635.6
FMT.0153K,1088951.55
FMT.0153L,3330032.533
FMT.0153M,17102147.19
FMT.0153N,8773544.054
FMT.0153P,58063449.74
FMT.0153Q,55764072.63
FMT.0153R,71389793.75
FMT.0154A,18532324.4
FMT.0154B,20805093.45
FMT.0154C,1856341.243
FMT.0154D,106996.8983
FMT.0154G,33970211.27
FMT.0154H,18062260.19
FMT.0154J,25026666.67
FMT.0154K,53465608.7
FMT.0154L,5244914.457
FMT.0154M,11303663.31
FMT.0154P,27803.44842
FMT.0154Q,10204.39234
FMT.0154R,234190043
FMT.0154S,38410758.68
FMT.0155A,36893.0344
FMT.0155B,141346761.2
FMT.0155C,68622263.75
FMT.0155D,17417783.16
FMT.0155E,309672.5302
FMT.0155F,342184.3127
FMT.0155G,2512496.241
FMT.0155H,2339183.247
FMT.0155I,8167241.969
FMT.0155J,7267210.884
FMT.0155K,20539162.83
FMT.0155L,176906195.8
FMT.0155M,378167531
FMT.0155N,262885333.3
FMT.0155O,29470346.1
FMT.0156A,27752335.96
FMT.0156B,71172702.54
FMT.0156C,141215300
FMT.0156D,64269856.29
FMT.0156E,3262343.526
FMT.0157A,13801045.71
FMT.0157B,65348080.15
FMT.0157C,60144030.09
FMT.0157D,71683796.81
FMT.0157E,84906.67912
FMT.0157F,3004376.368
FMT.0157G,1433959.203
FMT.0157H,262399.3433
FMT.0157I,1264742.748
FMT.0157J,1166788.898
FMT.0157K,539123.9422
FMT.0157L,3539118.631
FMT.0157M,7950354.863
FMT.0157N,11579932.3
FMT.0157O,71058454.26
FMT.0157P,103154253
FMT.0157Q,68199155.33
FMT.0158A,2229448.072
FMT.0158B,1795549.729
FMT.0158C,56364601.96
FMT.0158D,82202404.26
FMT.0158E,9509872.093
FMT.0158F,9012165.982
FMT.0158G,16730500.58
FMT.0158H,8457303.738
FMT.0158I,168273.8833
FMT.0158J,245397.9113
FMT.0158K,401203.1375
FMT.0158L,643927.1278
FMT.0158M,167510.3867
FMT.0158N,254105.6604
FMT.0158O,16469961.67
FMT.0158P,281435.7587
FMT.0158Q,2177171.847
FMT.0158R,103230039.2
FMT.0158S,110186211.7
FMT.0159A,21398323.79
FMT.0159B,14329034.23
FMT.0159E,486728.2677
FMT.0159G,1421441.037
FMT.0160A,32943.92022
FMT.0160B,25579294.93
FMT.0160C,1639899.345
FMT.0160D,19692825.2
FMT.0160E,90198065.36
FMT.0160F,6107642.6
FMT.0160G,258185649.3
FMT.0160H,35939131.8
FMT.0160I,67095.87255
FMT.0160J,3740248.17
FMT.0160K,29755578.08
FMT.0160L,21864875.83
FMT.0160M,24587039.26
FMT.0160N,21636530.3
FMT.0160O,79972977.19
FMT.0160R,101871688.9
FMT.0160S,165897145.6
FMT.0160T,263831457.4
FMT.0161A,823.6146578
FMT.0161C,71916879.31
FMT.0161D,148084831.9
FMT.0161F,4449870.088
FMT.0161H,154624.251
FMT.0161I,173797.3501
FMT.0161K,9023.052967
FMT.0161L,12710.32245
FMT.0161M,56359.19007
FMT.0161O,60214.25374
FMT.0161P,36032.02495
FMT.0161Q,372756.8472
FMT.0161R,742189.0328
FMT.0161S,737758.5395
FMT.0161T,108518243.4
FMT.0161U,119735103.4
FMT.0161V,146942314.5
FMT.0162A,644329893.4
FMT.0162F,52111106.67
FMT.0162G,33548885.13
FMT.0162H,42840949.22
FMT.0162I,2690010.31
FMT.0162J,1921705.367
FMT.0162K,4650717.886
FMT.0162L,3370019.931
FMT.0162M,969912.5406
FMT.0162N,16986857.84
FMT.0162O,6865536.754
FMT.0162P,83019340.69
FMT.0162Q,8534180.851
FMT.0162R,27622213.38
FMT.0162S,342515534.6
FMT.0162T,15459118.47
FMT.0162U,140527812.2
FMT.0162V,272780090.6
FMT.0162W,206654717.3
FMT.0162Y,78926074.7
FMT.0163D,670277826.5
FMT.0163E,239447791.7
FMT.0163F,283214291
FMT.0163G,177030232.7
FMT.0163H,66476.84773
FMT.0163I,474568254.8
FMT.0164A,310759790.7
FMT.0164B,378959.4895
FMT.0164C,41894.24664
FMT.0164D,111592.1689
FMT.0164E,244286.8957
FMT.0164F,4875860.267
FMT.0164G,3681173.93
FMT.0164H,435025.772
FMT.0164I,6628038.371
FMT.0164J,5987596.507
FMT.0164K,2588972.917
FMT.0164L,23142055.19
FMT.0164M,8030537.895
FMT.0164N,1285109.263
FMT.0165B,200049237.3
FMT.0165C,16268628.82
FMT.0165G,28485.32657
FMT.0165H,22507156.32
FMT.0165I,50583838.57
FMT.0165K,98696894.64
FMT.0165M,356435889.9
FMT.0166B,153422469.7
FMT.0166C,113505366.9
FMT.0166D,122738700.8
FMT.0166E,7107380.023
FMT.0166F,1179.090115
FMT.0166G,654232.5415
FMT.0166H,1056274.544
FMT.0167A,31082890.41
FMT.0167B,74165715.85
FMT.0168B,334986550.7
FMT.0168C,24551483.68
FMT.0168D,63060625.91
FMT.0168E,18313310.3
FMT.0168F,27907356.5
FMT.0168G,14869211.93
FMT.0168H,17442659.73
FMT.0168I,32289161.33
FMT.0169B,356169401.1
FMT.0169C,47211625.09
FMT.0169D,52269947.78
FMT.0169E,83791559.9
FMT.0169F,163481280.4
FMT.0169G,52165155.46
FMT.0169H,11300229.53
FMT.0169I,5137382.218
FMT.0169J,28166736.45
FMT.0169K,137545140.8
FMT.0169L,83230958.82
FMT.0169M,205471987.4
FMT.0169O,923814674.8
FMT.0169P,209065803.8
FMT.0171A,19367291.98
FMT.0171B,366502466.7
FMT.0171C,180363222.2
FMT.0171D,406552808.3
FMT.0171F,78714834.65
FMT.0171G,27731768.24
FMT.0171H,27629156.04
FMT.0171I,9196145.161
FMT.0171J,2207312.854
FMT.0171L,492423.504
FMT.0171M,5457406.111
FMT.0171N,13089367.93
FMT.0171Q,11749766.75
FMT.0171R,18500483.8
FMT.0171S,9629368.316
FMT.0171U,108540348.3
FMT.0171V,1246482692
FMT.0174A,41279780.98
FMT.0174B,541278791.1
FMT.0174C,225201624.4
FMT.0174D,842072821.9
FMT.0174E,124685435.2
FMT.0174F,25892994.25
FMT.0174G,93743363.39
FMT.0174H,291193415
FMT.0174I,148731211.7
FMT.0175A,2493.16596
FMT.0175B,124146335.9
FMT.0175C,190170205.1
FMT.0175D,102065876.4
FMT.0175E,142514747.1
FMT.0175F,67631663.65
FMT.0175G,15429375.26
FMT.0175I,14256186.72
FMT.0175J,57355598.8
FMT.0175K,54638555.56
FMT.0175M,73645538.86
FMT.0175N,404104235.7
FMT.0175O,9139140.568
FMT.0175P,6881716.667
FMT.0175Q,29743957.56
FMT.0175R,13618933.14
FMT.0176A,2961298.966
FMT.0178A,13159498.08
FMT.0179A,253395475.5
FMT.0179B,1879543652
FMT.0179C,199753270.5
FMT.0179D,185152259.9
FMT.0179E,96614334.19
FMT.0179F,64660424.46
FMT.0179G,368574575
FMT.0179H,433943119.5
FMT.0179I,141201612.5
FMT.0179J,114608682
FMT.0179K,236916869
FMT.0180A,27739249.55
FMT.0180B,229779059.5
FMT.0180C,6540327.336
FMT.0180D,9784373.227
FMT.0180E,1710947.34
FMT.0180F,16140702.45
FMT.0180G,19182854.04
FMT.0180H,73695848.02
FMT.0180I,141361890.1
FMT.0180J,62773855.47
FMT.0180K,130468425
FMT.0180L,44155788.57
FMT.0181A,111554261.4
FMT.0181L,9152265.99
FMT.0182A,426914867.7
FMT.0183J,260438181.1
FMT.0185A,99611111.11
FMT.0186A,2495814.966
FMT.0186B,516659069.4
FMT.0186C,125901941.4
FMT.0186D,308179327.2
FMT.0186E,206989058.7
FMT.0186F,33492349.59
FMT.0186N,30006599.42
FMT.0187B,145210391
FMT.0187C,280888345.2
FMT.0187D,916859.6939
FMT.0187E,953746.4495
FMT.0187F,73361.41624
FMT.0187G,2106371.39
FMT.0187H,11657.15842
FMT.0187J,493109.7132
FMT.0187K,931484.4316
FMT.0187L,985037.3079
FMT.0187M,14103431.45
FMT.0187O,19750235.29
FMT.0187P,25950124.61
FMT.0187Q,41066379.22
FMT.0189A,92711756.55
FMT.0189B,64326045.17
FMT.0190A,1768829333
FMT.0190B,359321204.1
FMT.0191A,318940491.9
FMT.0191B,409785884.5
FMT.0191C,47785216.71
FMT.0191D,70285519.76
FMT.0191E,61480795.26
FMT.0191F,18176444.2
FMT.0191G,139919176.8
FMT.0191H,79797025.99
FMT.0191I,48103470.45
FMT.0191J,14840909.35
FMT.0191L,59983087.18
FMT.0191P,125101719.7
FMT.0191R,117548552.6
FMT.0191T,375104.0862
FMT.0191U,1886879.836
FMT.0191V,1033601.691
FMT.0191X,1084020.662
FMT.0191Y,7184578.947
FMT.0192A,879609068.3
FMT.0192O,34823093.26
FMT.0193B,9686102.071
FMT.0193C,1545269.508
FMT.0193D,1708619.476
FMT.0193E,57647.95759
FMT.0193F,5569.606274
FMT.0194A,983702096.7
FMT.0195A,121237569.8
FMT.0196A,300311262.2
FMT.0200A,1780746.519
FMT.0200I,20151098.04
FMT.0204A,315407930.9
FMT.0205A,1219453778
FMT.0207A,12076438.85
FMT.0222B,251738173.5
FMT.0222C,259738265.8
FMT.0222D,291168024.7
FMT.0222E,130789774.4
FMT.0222F,7580249.679
FMT.0222H,588761.5273
FMT.0222K,442615.2329
FMT.0222L,1571221.694
FMT.0222R,16952650.92
FMT.0222S,33748548.73
FMT.0222T,60851989.28
FMT.0222U,232403185.7
FMT.0244A,49597687.7
FMT.0244B,134791161.2
FMT.0244C,190221915.3
FMT.0244D,159453274.6
FMT.0244E,31603739.17
FMT.0244F,172656667.6
FMT.0244G,407478038
FMT.0244H,138382396.9
FMT.0244I,213074752.4
FMT.0244J,72176544.96
FMT.0244K,70052416.48
FMT.0244L,15440725.69
FMT.0244M,41630144.96
FMT.0244N,34430985.07
FMT.0244O,96203288.11
FMT.0244P,118442935.2
FMT.0244Q,86367271.28
FMT.0244R,14998338.11
FMT.0251B,9059497.342
FMT.0251C,2844197.77
FMT.0251D,645807.7167
FMT.0251E,804009.7692
FMT.0251G,782608.9762
FMT.0251H,649773.7852
FMT.0251I,17819.27967
FMT.0251J,746465.0534
FMT.0251L,43677.35218